Country,URL ,
Afghanistan,Not available,
Albania,https://shendetesia.gov.al/,
Algeria,http://www.sante.gov.dz/,
Angola,https://www.minsa.gov.ao/,
Argentina,https://www.argentina.gob.ar/salud,
Armenia,https://www.moh.am/#1/0,
Azerbaijan,https://sehiyye.gov.az/en/,
Bangladesh,http://mohfw.gov.bd/,
Belarus,https://minzdrav.gov.by/en/,
Belize,https://www.health.gov.bz/,
Benin,https://sante.gouv.bj/,
Bhutan,https://moh.gov.bt/,
Bolivia,https://www.minsalud.gob.bo/,
Bosnia and Herzegovina,https://www.fmoh.gov.ba/,
Botswana,https://www.moh.gov.bw/,
Brazil,https://www.gov.br/saude/pt-br,
Burkina Faso,https://www.sante.gov.bf/accueil,
Burundi,https://www.minisante.bi/,
Cabo Verde,https://minsaude.gov.cv/,
Cambodia,https://moh.gov.kh/kh/home,
Cameroon,https://www.minsante.cm/,
Central African Republic,https://www.sante.gouv.cf/,
Chad,http://www.sante-tchad.org/,
China,https://en.nhc.gov.cn/,
Colombia,https://www.minsalud.gov.co/English/Paginas/inicio.aspx,
Comoros,Not available,
"Congo, Dem. Rep.",https://www.minisanterdc.cd/,
"Congo, Rep.",Not available,
Costa Rica,https://www.ministeriodesalud.go.cr/,
Côte d’Ivoire,https://www.sante.gouv.ci/,
Cuba,https://www.sld.cu/,
Djibouti,https://sante.gouv.dj/,
Dominica,https://www.dom767.com/dompages/ministry-of-health-wellness-and-new-health-investment/,
Dominican Republic,Not available,https://health.gov.dm/
Ecuador,https://www.salud.gob.ec/,
"Egypt, Arab Rep.",https://eha.gov.eg/en/,
El Salvador,https://www.salud.gob.sv/,
Equatorial Guinea,https://guineasalud.org/?lang=en,
Eritrea,https://shabait.com/,
Eswatini,https://www.gov.sz/index.php/ministries-departments/ministry-of-health,
Ethiopia,https://www.moh.gov.et/,
Fiji,https://www.health.gov.fj/,
Gabon,https://www.sante.gouv.ga/,
"Gambia, The",https://moh.gov.gm/,
Georgia,https://dph.georgia.gov/,
Ghana,https://www.moh.gov.gh/,
Grenada,https://www.gov.gd/index.php/health,
Guatemala,https://www.mspas.gob.gt/,
Guinea,https://sante.gov.gn/,
Guinea-Bissau,https://www.gov.br/saude/pt-br,
Haiti,https://www.mspp.gouv.ht/,
Honduras,https://www.salud.gob.hn/web/,
India,https://www.india.gov.in/ministry-health-and-family-welfare-6,
Indonesia,https://www.kemkes.go.id/eng/home,
"Iran, Islamic Rep.",https://irandataportal.syr.edu/ministry-of-health-and-medical-education,
Iraq,https://moh.gov.iq/,
Jamaica,https://www.moh.gov.jm/,
Jordan,https://www.moh.gov.jo/Default/En,
Kazakhstan,https://www.gov.kz/memleket/entities/dsm?lang=en,
Kenya,https://www.health.go.ke/,
Kiribati,https://mhms.gov.ki/,
"Korea, Dem. People's Rep.",Not available,
Kosovo,https://msh.rks-gov.net/,
Kyrgyz Republic,https://med.kg/,
Lao PDR,http://www.moh.gov.la/,
Lebanon,https://www.moph.gov.lb/en/Pages/9/1024/the-ministry,
Lesotho,https://health.gov.ls/,
Liberia,https://moh.gov.lr/,
Libya,https://health.gov.ly/web/,
Madagascar,http://www.sante.gov.mg/ministere-sante-publique/,
Malawi,Malawi,
Malaysia,https://www.moh.gov.my/,
Maldives,https://health.gov.mv/en,
Mali,http://www.sante.gov.ml/,
Marshall Islands,https://rmihealth.org/,
Mauritania,http://www.sante.gov.mr/ar/,
Mauritius,https://health.govmu.org/health/,
Mexico,https://www.gob.mx/salud/en,
"Micronesia, Fed. Sts.",https://gov.fm/category/health/,
Moldova,https://ms.gov.md/en/,
Mongolia,https://www.gov.mn/en/organization/moh,
Montenegro,https://www.gov.me/en/mzd,
Morocco,https://www.sante.gov.ma/Pages/Accueil.aspx,
Mozambique,https://www.misau.gov.mz/,
Myanmar,https://www.mohs.gov.mm/,
Namibia,https://mhss.gov.na/,
Nepal,https://mohp.gov.np/,
Nicaragua,https://www.minsa.gob.ni/,
Niger,https://www.sante.gouv.ne/,
Nigeria,https://www.health.gov.ng/,
North Macedonia,https://zdravstvo.gov.mk/,
Pakistan,https://www.nhsrc.gov.pk/,
Papua New Guinea,https://www.health.gov.pg/,
Paraguay,https://www.mspbs.gov.py/index.php,
Peru,https://www.gob.pe/minsa,
Philippines,https://www.foi.gov.ph/agencies/doh/,
Rwanda,https://www.moh.gov.rw/,
Samoa,https://www.health.gov.ws/,
São Tomé and Príncipe,http://saude.portal-stp.net/spip.php?rubrique1,
Senegal,https://www.sante.gouv.sn/,
Serbia,https://www.zdravlje.gov.rs/sekcija/en/58/news.php,
Sierra Leone,https://mohs.gov.sl/,
Solomon Islands,https://solomons.gov.sb/ministry-of-health-medical-services/,
Somalia,https://moh.gov.so/en/,
South Africa,https://www.health.gov.za/,
South Sudan,https://moh.gov.ss/,
Sri Lanka,https://www.health.gov.lk/,
St. Lucia,https://health.govt.lc/,
St. Vincent and the Grenadines,https://www.health.gov.vc/,
Sudan,https://fmoh.gov.sd/,
Suriname,https://gov.sr/ministeries/ministerie-van-volksgezondheid/,
Syrian Arab Republic,https://www.moh.gov.sy/,
Tajikistan,https://moh.tj/en/main/,
Tanzania,https://www.moh.go.tz/,
Thailand,https://anamai.moph.go.th/en/home,
Timor-Leste,https://customs.gov.tl/other-gov-agencies/ministry-of-health/,
Togo,https://sante.gouv.tg/,
Tonga,https://www.health.gov.to/,
Tunisia,https://www.onmne.tn/?page_id=6767&lang=en,
Türkiye,https://www.saglik.gov.tr/?_Dil=2,
Turkmenistan,https://www.saglykhm.gov.tm/en,
Tuvalu,Not available,
Uganda,https://health.go.ug/,
Ukraine,https://moz.gov.ua/en,
Uzbekistan,https://gov.uz/en/ssv,
Vanuatu,https://moh.gov.vu/,
Vietnam,https://moh.gov.vn/web/ministry-of-health,
West Bank and Gaza,https://www.moh.gov.ps/portal/en/,
"Yemen, Rep.",https://moh.gov.ye/en,
Zambia,https://www.moh.gov.zm/,
Zimbabwe,https://www.mohcc.gov.zw/?option=com,